"direction","x","y"
"South",-6.8387004949163,-24.1313076473334
"North",-3.5527136788005e-15,20.355605337404
"East",18.0176084028505,-12.602014667657
"West",-22.7427423711008,2.97060679846618
"radar",0,0
